{"stats":{"minecraft:used":{"minecraft:anvil":1},"minecraft:mined":{"minecraft:grass":1,"minecraft:dirt":1,"regions_unexplored:medium_grass":1},"minecraft:killed_by":{"minecraft:zombie":1},"minecraft:picked_up":{"minecraft:anvil":1,"minecraft:gunpowder":2,"minecraft:dirt":17,"minecraft:string":2},"minecraft:custom":{"minecraft:time_since_rest":94,"minecraft:crouch_one_cm":374,"minecraft:play_time":8001,"minecraft:sprint_one_cm":32198,"minecraft:walk_one_cm":22255,"minecraft:damage_taken":1133,"minecraft:deaths":4,"minecraft:sneak_time":205,"minecraft:mob_kills":2,"minecraft:damage_dealt_resisted":2,"minecraft:jump":119,"minecraft:damage_dealt":50,"minecraft:leave_game":1,"minecraft:time_since_death":57,"minecraft:total_world_time":8001,"minecraft:fall_one_cm":7138,"minecraft:fly_one_cm":20529}},"DataVersion":3465}