{"stats":{"minecraft:used":{"minecraft:lava_bucket":2,"minecraft:cooked_beef":1,"minecraft:anvil":2,"minecraft:cooked_porkchop":1},"minecraft:picked_up":{"minecraft:anvil":1,"minecraft:wheat_seeds":1},"minecraft:custom":{"minecraft:jump":12,"minecraft:time_since_rest":6904,"minecraft:leave_game":1,"minecraft:damage_dealt":18,"minecraft:crouch_one_cm":156,"minecraft:deaths":1,"minecraft:sprint_one_cm":22389,"minecraft:play_time":7827,"minecraft:damage_taken":444,"minecraft:time_since_death":6833,"minecraft:walk_one_cm":28902,"minecraft:sneak_time":123,"minecraft:total_world_time":7827,"minecraft:damage_resisted":104,"minecraft:fly_one_cm":337}},"DataVersion":3465}