{"stats":{"minecraft:killed":{"minecraft:witch":1,"minecraft:spider":4,"minecraft:skeleton":21,"minecraft:illusioner":11,"minecraft:pig":5,"minecraft:zombie_villager":2,"minecraft:creeper":3,"minecraft:sheep":10,"minecraft:pillager":15,"minecraft:goat":1,"minecraft:zombie":10,"minecraft:stray":1,"minecraft:cow":12,"minecraft:evoker":1,"minecraft:vex":4,"minecraft:vindicator":14,"minecraft:husk":1,"minecraft:wither_skeleton":2,"minecraft:villager":2},"minecraft:broken":{"minecraft:golden_shovel":1,"minecraft:wooden_axe":1,"minecraft:shield":1,"minecraft:iron_pickaxe":1},"minecraft:killed_by":{"minecraft:creeper":1,"minecraft:pillager":1,"minecraft:vindicator":10,"minecraft:witch":1,"minecraft:zombie":1,"minecraft:illusioner":2,"minecraft:vex":2,"minecraft:spider":1,"minecraft:skeleton":2},"minecraft:crafted":{"minecraft:oak_planks":60,"travelersbackpack:iron":1,"minecraft:dark_oak_boat":1,"minecraft:bookshelf":1,"minecraft:cooked_mutton":18,"minecraft:glass":25,"minecraft:bow":1,"minecraft:iron_boots":1,"minecraft:chest":9,"minecraft:smoker":2,"minecraft:oak_slab":12,"minecraft:wooden_shovel":1,"travelersbackpack:iron_tier_upgrade":1,"minecraft:emerald":5,"minecraft:cooked_porkchop":9,"minecraft:crafting_table":4,"minecraft:spruce_planks":88,"minecraft:iron_helmet":1,"minecraft:baked_potato":5,"travelersbackpack:standard":3,"minecraft:spruce_door":3,"minecraft:smithing_table":1,"minecraft:birch_planks":20,"minecraft:lectern":1,"minecraft:iron_chestplate":1,"minecraft:shield":2,"minecraft:stick":32,"minecraft:iron_ingot":69,"minecraft:iron_pickaxe":2,"minecraft:iron_block":3,"minecraft:stone_sword":1,"minecraft:gold_ingot":38,"minecraft:wooden_sword":1,"minecraft:coal":63,"minecraft:stone_shovel":1,"minecraft:furnace":4,"travelersbackpack:blank_upgrade":4,"travelersbackpack:gold_tier_upgrade":1,"minecraft:flint_and_steel":1,"travelersbackpack:white_sleeping_bag":1,"minecraft:iron_axe":1,"minecraft:stone_pickaxe":1,"minecraft:dark_oak_planks":12,"minecraft:cooked_beef":28,"minecraft:diamond_sword":1,"travelersbackpack:backpack_tank":4,"minecraft:iron_sword":1,"minecraft:stone_axe":1,"minecraft:air":0,"minecraft:bread":36,"minecraft:golden_apple":4,"minecraft:wooden_axe":2,"minecraft:iron_leggings":1,"minecraft:anvil":1,"minecraft:white_bed":2,"minecraft:torch":68},"minecraft:dropped":{"minecraft:crafting_table":1,"minecraft:snowball":162,"gravestone:obituary":3,"minecraft:pumpkin_pie":4,"minecraft:white_wool":1,"minecraft:poppy":1,"minecraft:mossy_cobblestone":1,"minecraft:stick":2,"minecraft:spruce_sapling":2,"minecraft:player_head":1,"minecraft:diamond_sword":1},"minecraft:custom":{"lootr:looted_stat":44,"minecraft:interact_with_crafting_table":67,"minecraft:eat_cake_slice":2,"minecraft:leave_game":15,"minecraft:time_since_death":7513,"minecraft:sprint_one_cm":742693,"minecraft:damage_blocked_by_shield":8380,"minecraft:drop":24,"minecraft:talked_to_villager":25,"minecraft:play_time":536333,"minecraft:deaths":22,"minecraft:jump":4102,"minecraft:walk_on_water_one_cm":29269,"minecraft:interact_with_furnace":16,"minecraft:traded_with_villager":5,"minecraft:sleep_in_bed":10,"minecraft:damage_dealt":27685,"minecraft:crouch_one_cm":16115,"minecraft:interact_with_smoker":31,"minecraft:interact_with_smithing_table":5,"minecraft:mob_kills":125,"minecraft:interact_with_anvil":5,"minecraft:climb_one_cm":5961,"minecraft:walk_one_cm":1046004,"minecraft:sneak_time":8663,"minecraft:walk_under_water_one_cm":23743,"minecraft:boat_one_cm":65610,"minecraft:interact_with_blast_furnace":37,"minecraft:total_world_time":536333,"minecraft:tune_noteblock":2,"minecraft:pot_flower":1,"minecraft:interact_with_grindstone":1,"minecraft:interact_with_stonecutter":1,"minecraft:time_since_rest":7556,"minecraft:damage_taken":10342,"minecraft:swim_one_cm":2466,"minecraft:fly_one_cm":1081340,"minecraft:open_chest":118,"minecraft:fall_one_cm":116140},"minecraft:picked_up":{"minecraft:wheat":110,"minecraft:anvil":1,"minecraft:flower_pot":1,"minecraft:smithing_table":1,"minecraft:diamond_sword":1,"minecraft:potion":1,"minecraft:polished_deepslate_wall":1,"regions_unexplored:prismarite_cluster":3,"minecraft:string":6,"minecraft:cobbled_deepslate":12,"minecraft:spruce_planks":1,"minecraft:melon_slice":12,"minecraft:coal_block":7,"minecraft:furnace":6,"minecraft:stick":12,"minecraft:torch":4,"minecraft:spruce_stairs":2,"minecraft:porkchop":9,"travelersbackpack:iron":1,"minecraft:rotten_flesh":11,"minecraft:iron_bars":2,"minecraft:snowball":237,"minecraft:cobblestone":231,"minecraft:birch_log":6,"minecraft:andesite":14,"minecraft:dark_oak_boat":7,"minecraft:smoker":2,"minecraft:potato":1,"minecraft:tuff":1,"minecraft:stripped_spruce_wood":4,"minecraft:dirt":6,"minecraft:lapis_lazuli":31,"minecraft:bone":19,"minecraft:chipped_anvil":1,"minecraft:wheat_seeds":298,"minecraft:raw_gold":19,"minecraft:rabbit":2,"minecraft:cyan_candle":3,"minecraft:sand":35,"minecraft:stripped_spruce_log":1,"minecraft:mossy_cobblestone":1,"minecraft:light_gray_concrete":1,"minecraft:spruce_fence_gate":1,"minecraft:diamond":3,"minecraft:black_concrete":1,"minecraft:granite":1,"minecraft:golden_apple":1,"minecraft:emerald":4,"minecraft:jack_o_lantern":1,"minecraft:crafting_table":12,"minecraft:brown_mushroom":4,"gravestone:obituary":3,"minecraft:iron_axe":1,"minecraft:beef":28,"minecraft:sugar_cane":5,"justenoughdrugz:weed_seed":4,"minecraft:player_head":5,"minecraft:lectern":2,"minecraft:poppy":2,"minecraft:spruce_slab":1,"minecraft:light_gray_wool":1,"minecraft:spruce_trapdoor":1,"minecraft:raw_iron":68,"minecraft:stone":1,"minecraft:redstone":1,"minecraft:dark_oak_planks":3,"minecraft:arrow":22,"minecraft:totem_of_undying":1,"minecraft:mutton":18,"minecraft:white_wool":10,"regions_unexplored:peat_dirt":20,"regions_unexplored:hanging_prismarite":14,"minecraft:leather":15,"minecraft:oak_log":16,"minecraft:cobbled_deepslate_stairs":1,"minecraft:gunpowder":2,"minecraft:blue_bed":2,"minecraft:cooked_mutton":1,"regions_unexplored:large_prismarite_cluster":2,"minecraft:rabbit_hide":1,"regions_unexplored:larch_sapling":1,"minecraft:oak_slab":3,"minecraft:book":30,"minecraft:polished_andesite_stairs":1,"minecraft:dark_oak_slab":1,"minecraft:gravel":1,"minecraft:spruce_sapling":4,"minecraft:blast_furnace":4,"minecraft:white_bed":2,"minecraft:spruce_log":28,"minecraft:mossy_stone_brick_slab":1,"minecraft:spider_eye":3,"travelersbackpack:standard":4,"minecraft:stripped_dark_oak_log":3,"minecraft:coal":64},"minecraft:mined":{"minecraft:dark_oak_planks":3,"minecraft:spruce_planks":1,"minecraft:white_bed":2,"minecraft:mossy_stone_brick_slab":1,"minecraft:cobbled_deepslate_stairs":1,"minecraft:spruce_trapdoor":1,"minecraft:granite":1,"regions_unexplored:hanging_prismarite":13,"minecraft:grass_block":1,"minecraft:coal_block":7,"travelersbackpack:iron":1,"minecraft:spawner":4,"regions_unexplored:stone_bud":2,"minecraft:iron_ore":36,"minecraft:deepslate_lapis_ore":5,"minecraft:anvil":1,"minecraft:iron_bars":2,"minecraft:light_gray_concrete":1,"regions_unexplored:prismoss":1,"minecraft:player_head":1,"minecraft:spruce_slab":1,"minecraft:brown_mushroom":3,"minecraft:smoker":2,"regions_unexplored:corpse_flower":1,"minecraft:powder_snow":8,"minecraft:blast_furnace":4,"regions_unexplored:peat_grass_block":4,"minecraft:calcite":1,"minecraft:polished_andesite_stairs":1,"minecraft:cobblestone":53,"minecraft:sugar_cane":2,"minecraft:wall_torch":3,"minecraft:dark_oak_slab":1,"minecraft:birch_log":6,"minecraft:wheat":110,"minecraft:potted_poppy":1,"minecraft:grass":8,"minecraft:oak_log":16,"regions_unexplored:peat_dirt":2,"minecraft:sand":35,"minecraft:dirt":5,"minecraft:polished_deepslate_wall":1,"minecraft:oak_leaves":12,"minecraft:cyan_candle":1,"minecraft:deepslate":6,"minecraft:tuff":1,"minecraft:mossy_cobblestone":1,"minecraft:deepslate_diamond_ore":3,"minecraft:jack_o_lantern":1,"minecraft:gray_stained_glass_pane":2,"gravestone:gravestone":14,"minecraft:spruce_leaves":14,"regions_unexplored:large_prismarite_cluster":2,"regions_unexplored:duskmelon":2,"minecraft:furnace":5,"minecraft:snow":14,"minecraft:andesite":14,"minecraft:stripped_spruce_log":1,"minecraft:black_concrete":1,"regions_unexplored:frozen_grass":2,"regions_unexplored:larch_leaves":12,"minecraft:bookshelf":10,"minecraft:deepslate_iron_ore":32,"minecraft:packed_ice":73,"regions_unexplored:medium_grass":7,"minecraft:stone":178,"minecraft:cake":1,"minecraft:smithing_table":1,"minecraft:oak_slab":2,"minecraft:snow_block":46,"minecraft:stripped_dark_oak_log":3,"travelersbackpack:standard":2,"minecraft:crafting_table":11,"minecraft:emerald_ore":1,"minecraft:lectern":2,"minecraft:tall_grass":1,"minecraft:deepslate_gold_ore":15,"minecraft:sculk":1,"minecraft:diorite":1,"minecraft:blue_bed":2,"regions_unexplored:prismarite_cluster":3,"minecraft:spruce_stairs":2,"minecraft:stripped_spruce_wood":4,"minecraft:spruce_log":25,"minecraft:birch_leaves":2,"regions_unexplored:sandy_grass":5,"minecraft:coal_ore":62,"minecraft:gravel":1,"minecraft:spruce_fence_gate":1,"minecraft:chipped_anvil":1,"minecraft:gold_ore":4,"minecraft:iron_trapdoor":1},"minecraft:used":{"minecraft:spruce_slab":1,"minecraft:chest":7,"minecraft:shield":284,"minecraft:iron_sword":63,"minecraft:player_head":3,"regions_unexplored:prismarite_cluster":3,"travelersbackpack:iron":5,"minecraft:snowball":10,"minecraft:stripped_spruce_log":1,"minecraft:obsidian":18,"voidscape:astral_sword":7,"minecraft:packed_ice":1,"minecraft:villager_spawn_egg":4,"minecraft:iron_helmet":1,"minecraft:bow":83,"minecraft:dark_oak_boat":8,"minecraft:furnace":6,"minecraft:potato":2,"minecraft:spruce_door":2,"minecraft:stone_pickaxe":128,"minecraft:blue_bed":1,"minecraft:blast_furnace":4,"minecraft:creeper_spawn_egg":1,"minecraft:light_gray_concrete":3,"minecraft:bread":29,"minecraft:lectern":6,"minecraft:diamond_sword":349,"minecraft:smithing_table":3,"regions_unexplored:larch_sapling":1,"minecraft:stone_sword":53,"minecraft:flint_and_steel":1,"minecraft:stone_shovel":67,"minecraft:spruce_planks":22,"minecraft:wooden_shovel":1,"minecraft:torch":60,"minecraft:dirt":2,"minecraft:anvil":2,"minecraft:spruce_stairs":2,"minecraft:golden_shovel":32,"minecraft:granite":1,"minecraft:wooden_axe":48,"minecraft:dark_oak_planks":1,"minecraft:chipped_anvil":1,"minecraft:iron_axe":44,"minecraft:polished_deepslate_wall":1,"minecraft:iron_boots":1,"minecraft:cooked_beef":16,"minecraft:iron_leggings":1,"minecraft:wheat_seeds":111,"minecraft:cooked_mutton":13,"minecraft:cyan_candle":3,"regions_unexplored:peat_dirt":18,"minecraft:crafting_table":9,"minecraft:white_bed":3,"minecraft:cake":4,"minecraft:smoker":4,"minecraft:oak_log":1,"minecraft:flower_pot":1,"minecraft:iron_pickaxe":426,"minecraft:stone_axe":74,"minecraft:cobblestone":173,"minecraft:potion":1,"travelersbackpack:standard":12,"minecraft:cooked_porkchop":6}},"DataVersion":3465}